Animaux-tv-optimized.webp => Animauxtv.webp
c31melbourne-optimized.webp => c31melbourne.webp
Canal-FDR-Brazil-optimized.webp => CanalFDRBrazil.webp
CGTN-tv-optimized.webp => CGTNtv.webp
Crime-360-optimized (1).webp => Crime360 (1).webp
Crime-360-optimized.webp => Crime360.webp
crimetime-optimized (1).webp => crimetime (1).webp
crimetime-optimized.webp => crimetime.webp
EETV-optimized.webp => EETV.webp
HistoryEast-optimized.webp => HistoryEast.webp
National-Geographic-Abu-Dhabi-optimized.webp => NationalGeographicAbuDhabi.webp
national-geographic-wild-optimized.webp => nationalgeographicwild.webp
National-Geographic-Wild-Russia-1-optimized.webp => NationalGeographicWildRussia1.webp
Pluto-TV-Animals-optimized.webp => PlutoTVAnimals.webp
Pluto-TV-Investiga-optimized (1).webp => PlutoTVInvestiga (1).webp
Pluto-TV-Investiga-optimized.webp => PlutoTVInvestiga.webp
Rakuten-France-Spotlight-optimized.webp => RakutenFranceSpotlight.webp
real_stories-optimized.webp => realstories.webp
Real-Crime_TV-optimized (1).webp => RealCrimeTV (1).webp
Real-Crime_TV-optimized.webp => RealCrimeTV.webp
TRT-AVAZ-optimized.webp => TRTAVAZ.webp
true-crime-now-optimized.webp => truecrimenow.webp
True-history-channel-optimized.webp => Truehistorychannel.webp
VOX-optimized.webp => VOX.webp